Moneyness_Category,Speedup,Error_Traditional,Error_Hasse,Traditional_Wins,Hasse_Wins,Ties,Hasse_Win_Ratio
Deep OTM,0.8771979633119855,9.960101599963226e-09,9.960101599963226e-09,,0,,
OTM,0.8621117188781682,1.4665583562371391e-12,1.4665583562371391e-12,,0,,
ATM,0.8569546986488153,1.9431169636282184e-12,1.9431169636282184e-12,,0,,
ITM,1.0096853533369015,1.510944147575799e-14,1.510944147575799e-14,,0,,
Deep ITM,0.8976381736676236,9.289275057089777e-05,9.291075012569754e-05,,0,,
